{"_step":63,"epoch":1551,"train_loss":1170.939174107143,"val_loss":582.8723754882812,"_timestamp":1.740255974669041e+09,"Reconstruction":{"_type":"image-file","sha256":"902e04f9c9f167b7dca67222b2f1b00bc20aab9d43fc64fc34f54d19063b3c70","size":34773,"path":"media/images/Reconstruction_63_902e04f9c9f167b7dca6.png","format":"png","width":800,"height":500},"_wandb":{"runtime":38},"_runtime":38.350882023}