{"_wandb":{"runtime":9},"epoch":501,"train_loss":6433.928571428572,"val_loss":662.7845458984375,"_timestamp":1.7402558614329813e+09,"_runtime":8.469764504,"_step":21,"Reconstruction":{"width":800,"height":500,"_type":"image-file","sha256":"9c218757efb558f0f5773b8aad0b1681c107d2ecea20cb85a6d8fb94be0c2e43","size":35525,"path":"media/images/Reconstruction_21_9c218757efb558f0f577.png","format":"png"}}