{"epoch":1251,"Reconstruction":{"width":800,"height":500,"_type":"image-file","sha256":"6eec0c60f6c2b1e273cc31e6a336bcc901e8f14b8f2528691d2c5bb70d1d2d72","size":26037,"path":"media/images/Reconstruction_51_6eec0c60f6c2b1e273cc.png","format":"png"},"_wandb":{"runtime":12},"train_loss":0.04807568447930472,"_timestamp":1.7399380632115521e+09,"_runtime":11.903158963,"_step":51}