{"_runtime":4.900716234,"Reconstruction":{"width":800,"height":500,"_type":"image-file","sha256":"a0c0e67ec26a247c0492ca1e533d96e05da329ce5a536d2b80f78d33f4423f05","size":23632,"path":"media/images/Reconstruction_3_a0c0e67ec26a247c0492.png","format":"png"},"_wandb":{"runtime":4},"_step":4,"epoch":101,"train_loss":NaN,"val_loss":NaN,"_timestamp":1.740258328249116e+09}