{"_timestamp":1.740256031583544e+09,"_runtime":50.285577485,"_step":67,"epoch":1651,"train_loss":7204.5625,"val_loss":1653.4130859375,"Reconstruction":{"_type":"image-file","sha256":"8c90e46eec2bfd7b863e7a7876b29093211ac0e9b3a5454f1f548580296fd45d","size":31978,"path":"media/images/Reconstruction_67_8c90e46eec2bfd7b863e.png","format":"png","width":800,"height":500},"_wandb":{"runtime":51}}