{"epoch":3101,"train_loss":838.3669782366071,"val_loss":4.721415042877197,"Reconstruction":{"sha256":"4056e2ce2e2d8032da603470d7a0e9d462045746ccd161bed3f9c35673479927","size":24436,"path":"media/images/Reconstruction_125_4056e2ce2e2d8032da60.png","format":"png","width":800,"height":500,"_type":"image-file"},"_wandb":{"runtime":41},"_timestamp":1.7402541092429175e+09,"_runtime":41.479337744,"_step":125}