{"val_loss":198.6419677734375,"Reconstruction":{"width":800,"height":500,"_type":"image-file","sha256":"e8e5bc5c92f6d2b18af09b0593c85a1ca022848dc427884620fed050689835c8","size":34752,"path":"media/images/Reconstruction_43_e8e5bc5c92f6d2b18af0.png","format":"png"},"_wandb":{"runtime":12},"_timestamp":1.740255931683197e+09,"_runtime":12.051834238,"_step":44,"epoch":1101,"train_loss":1284.560825892857}