{"_step":61,"epoch":1501,"train_loss":1.695716040475028,"val_loss":23.7344970703125,"Reconstruction":{"size":22157,"path":"media/images/Reconstruction_61_b25cd4fe31256d82b2f5.png","format":"png","width":800,"height":500,"_type":"image-file","sha256":"b25cd4fe31256d82b2f5aae52313188dd32d5b3e5d5991ea169c7d1ebf0db330"},"_wandb":{"runtime":21},"_timestamp":1.7402540197443628e+09,"_runtime":21.564328378}