{"_step":1275,"Reconstruction":{"sha256":"a4035cf99493daa6e356b1cf96a52ef65a28fb846c82a378e543844bfd99318e","size":34884,"path":"media/images/Reconstruction_1275_a4035cf99493daa6e356.png","format":"png","width":800,"height":500,"_type":"image-file"},"_wandb":{"runtime":359},"epoch":31851,"train_loss":163.66946847098214,"val_loss":25.457551956176758,"_timestamp":1.7402558446732702e+09,"_runtime":359.014065107}