{"Reconstruction":{"format":"png","width":800,"height":500,"_type":"image-file","sha256":"9f2e43b1d4c7851c01e1c5e8dd7c27b7747ae2c319065cffa6e8d7c886cd2eea","size":39650,"path":"media/images/Reconstruction_133_9f2e43b1d4c7851c01e1.png"},"_wandb":{"runtime":84},"train_loss":386.0555943080357,"val_loss":209.59835815429688,"_timestamp":1.7402561218852694e+09,"_runtime":84.601254813,"_step":133,"epoch":3301}