{"_step":101,"epoch":2501,"train_loss":1562.2550223214287,"Reconstruction":{"width":800,"height":500,"_type":"image-file","sha256":"33b0835cf476cf2bf5bf25ad2c2c3eb8fd70a397f6af57c0a3b567a48a8acc00","size":36835,"path":"media/images/Reconstruction_101_33b0835cf476cf2bf5bf.png","format":"png"},"_wandb":{"runtime":46},"val_loss":190.72625732421875,"_timestamp":1.740255913703176e+09,"_runtime":46.000233738}