{"train_loss":0.054172745772770474,"_timestamp":1.7399374864037144e+09,"_runtime":365.104718406,"Reconstruction":{"format":"png","width":800,"height":500,"_type":"image-file","sha256":"40ea139cb594d785f6276e9a969e11654b26264262c1eb971a3b858bd4f2c99b","size":36315,"path":"media/images/Reconstruction_1199_40ea139cb594d785f627.png"},"_wandb":{"runtime":366},"_step":1199,"epoch":59901}