{"Reconstruction":{"format":"png","width":800,"height":500,"_type":"image-file","sha256":"8838109a07b3caa10cc8fc291c198636e1af967d1497bcad426c0ed07c29be2e","size":48744,"path":"media/images/Reconstruction_381_8838109a07b3caa10cc8.png"},"_wandb":{"runtime":129},"epoch":19101,"train_loss":0.04741356202534267,"_timestamp":1.7399369215814877e+09,"_runtime":129.692901746,"_step":382}