{"val_loss":227.1593765077137,"_timestamp":1.7402732787702904e+09,"_runtime":10906.968404954,"_step":399,"Reconstruction":{"width":800,"height":500,"_type":"image-file","sha256":"8b331b89a23241201bc8a4016765821fc62aec04eabf28d25890d1fca422b7fd","size":42024,"path":"media/images/Reconstruction_399_8b331b89a23241201bc8.png","format":"png"},"_wandb":{"runtime":10961},"epoch":9951,"train_loss":3.990336045036484}