{"_wandb":{"runtime":4},"epoch":201,"train_loss":0.684467043195452,"_timestamp":1.7399379785229802e+09,"_runtime":3.916602721,"_step":5,"Reconstruction":{"width":800,"height":500,"_type":"image-file","sha256":"7a2d80f072d400da5ae885e20971730435f5c834ef2032664bb22fbf434baf56","size":35555,"path":"media/images/Reconstruction_5_7a2d80f072d400da5ae8.png","format":"png"}}