{"epoch":13701,"train_loss":411.54073660714283,"val_loss":32.954864501953125,"_timestamp":1.7402554796937428e+09,"_runtime":198.948348579,"_step":549,"Reconstruction":{"path":"media/images/Reconstruction_549_cdb2962ed82e1f602cab.png","format":"png","width":800,"height":500,"_type":"image-file","sha256":"cdb2962ed82e1f602cabb0d4c8609fc9205a314ef4d4e710e6ed5d1615756a13","size":40376},"_wandb":{"runtime":199}}