{"val_loss":49.657405853271484,"_timestamp":1.7402563919734764e+09,"_runtime":263.8463474,"_step":489,"epoch":12201,"Reconstruction":{"format":"png","width":800,"height":500,"_type":"image-file","sha256":"4d532d51fa7390527a4d510971f26d53b3f3e82dcf9be04deda206e96a7416d8","size":34397,"path":"media/images/Reconstruction_489_4d532d51fa7390527a4d.png"},"_wandb":{"runtime":264},"train_loss":281.10806710379467}