{"_wandb":{"runtime":6619},"epoch":3901,"train_loss":1.018670201769624,"_timestamp":1.7396638394975803e+09,"_runtime":6455.678098828,"_step":79,"Reconstruction":{"height":500,"_type":"image-file","sha256":"68c742347a08db8610353c10b9fd0414e76d8caccb0eea38e1cf897bff9f5461","size":41966,"path":"media/images/Reconstruction_79_68c742347a08db861035.png","format":"png","width":800}}