{"train_loss":0.11983941119181744,"_timestamp":1.7399451453736098e+09,"_runtime":36951.833300936,"_step":439,"Reconstruction":{"width":800,"height":500,"_type":"image-file","sha256":"b13c2c8c89a0638baf9001d7b019c89365c4282094919419e4f39998803c54cf","size":49826,"path":"media/images/Reconstruction_439_b13c2c8c89a0638baf90.png","format":"png"},"_wandb":{"runtime":37115},"epoch":10951}