{"_step":97,"Reconstruction":{"path":"media/images/Reconstruction_97_1dce8478aa579018e8b6.png","format":"png","width":800,"height":500,"_type":"image-file","sha256":"1dce8478aa579018e8b63cd4efc65da21e0b4146c1d1f121b663724c22c62b87","size":34954},"_wandb":{"runtime":94},"epoch":2401,"train_loss":2766.3973214285716,"val_loss":152.96693420410156,"_timestamp":1.740255272674416e+09,"_runtime":92.042062375}