{"_wandb":{"runtime":89},"_runtime":89.171206731,"_step":173,"epoch":4301,"train_loss":561.1952427455357,"val_loss":358.5635681152344,"_timestamp":1.7402585660733151e+09,"Reconstruction":{"_type":"image-file","sha256":"f40e220cc5c4f34c05ce5972ca6eb9a3616b4f2c1e7b2e10b9f6c1d80695811b","size":39194,"path":"media/images/Reconstruction_173_f40e220cc5c4f34c05ce.png","format":"png","width":800,"height":500}}