{"_step":0,"epoch":1,"_wandb":{"runtime":2},"train_loss":20.054126739501953,"_timestamp":1.7399361459473274e+09,"_runtime":2.131807353}