{"_timestamp":1.7402550496684048e+09,"_runtime":896.380996619,"Reconstruction":{"height":500,"_type":"image-file","sha256":"73e2c191131b005e4de2aba7b15d3961c8276f26944b7f53f5450fdd6101e16d","size":26514,"path":"media/images/Reconstruction_2251_73e2c191131b005e4de2.png","format":"png","width":800},"_wandb":{"runtime":897},"_step":2251,"epoch":56251,"train_loss":317.06277901785717,"val_loss":140.13064575195312}