{"Reconstruction":{"_type":"image-file","sha256":"0a0e1bad21533e3f208a929953cf01dbec59bbe20030ccd38046e3732aa99a01","size":25739,"path":"media/images/Reconstruction_137_0a0e1bad21533e3f208a.png","format":"png","width":800,"height":500},"_wandb":{"runtime":27},"train_loss":NaN,"val_loss":NaN,"_timestamp":1.7402583723848886e+09,"_runtime":27.26367759,"_step":138,"epoch":3451}