{"val_loss":1.6559854745864868,"_timestamp":1.7402539917256083e+09,"_runtime":106.6623195,"_step":317,"Reconstruction":{"format":"png","width":800,"height":500,"_type":"image-file","sha256":"77343d8020b30b8839c24bf86632a2973c50dc449bdfe20a72c769b8b76cf7ca","size":22803,"path":"media/images/Reconstruction_317_77343d8020b30b8839c2.png"},"_wandb":{"runtime":107},"epoch":7901,"train_loss":2.973746285714286e+06}