{"_step":299,"_wandb":{"runtime":147},"epoch":29901,"train_loss":0.08837976058324178,"valid_loss":0.06484151879946391,"_timestamp":1.7395937631236072e+09,"_runtime":146.370917152}