{"train_loss":3145.095703125,"Reconstruction":{"path":"media/images/Reconstruction_121_c26c452dec2df8695f6c.png","format":"png","width":800,"height":500,"_type":"image-file","sha256":"c26c452dec2df8695f6c93a1a645a0c84e9d38630ae868aa966fbfbeab8e082c","size":35260},"_wandb":{"runtime":41},"val_loss":191.41220092773438,"_timestamp":1.7402551739786527e+09,"_runtime":40.797734186,"_step":121,"epoch":3001}