{"train_loss":0.22789956818963808,"Reconstruction":{"width":800,"height":500,"_type":"image-file","sha256":"e0c11e29e962cfb70200329fe9fda2d0b426f5ac148a7d19a12764192cd5385e","size":36231,"path":"media/images/Reconstruction_399_e0c11e29e962cfb70200.png","format":"png"},"_wandb":{"runtime":33418},"_timestamp":1.739628643833308e+09,"_runtime":33255.645691075,"_step":399,"epoch":9951}